{"cameraMode":{"drawMode":0,"name":"Shaded","section":"Shading Mode"},"sceneLighting":true,"audioPlay":false,"sceneViewState":{"showFog":true,"showMaterialUpdate":false,"showSkybox":true,"showFlares":true,"showImageEffects":true,"showParticleSystems":true},"in2DMode":false,"pivot":{"x":140.43650817871095,"y":39.838985443115237,"z":961.367431640625},"rotation":{"x":0.02582644671201706,"y":0.025227244943380357,"z":0.0003020297735929489,"w":0.9995993971824646},"size":1190.2950439453125,"orthographic":false}