{"cameraMode":{"drawMode":0,"name":"Shaded","section":"Shading Mode"},"sceneLighting":true,"audioPlay":false,"sceneViewState":{"showFog":true,"showMaterialUpdate":false,"showSkybox":true,"showFlares":true,"showImageEffects":true,"showParticleSystems":true},"in2DMode":false,"pivot":{"x":3.630000114440918,"y":-122.35199737548828,"z":13.420000076293946},"rotation":{"x":-0.004275345243513584,"y":0.9410408139228821,"z":-0.3394691050052643,"w":-0.009446597658097744},"size":14.691737174987793,"orthographic":false}